,x,y
A115,8.41,121.717
A116,9.569,113.538
A133,8.179,124.801
A152,8.32,121.211
A173,8.742,123.15
A247,7.917,120.007
A257,8.385,123.598
A38,7.534,127.585
A54,7.182,120.041
A77,8.083,123.558
C205,6.473,113.676
D101,8.719,121.309
D110,10.056,132.738
D129,7.516,116.221
D138,7.58,114.812
D161,7.928,117.116
D164,7.791,115.791
D174,8.413,121.913
D179,7.635,127.686
D189,7.621,122.135
D32,8.281,118.179
D34,7.599,128.415
D41,7.716,128.91
D52,8.934,120.622
D71,8.234,116.859
D72,8.954,131.726
E186,8.316,116.5
E204,8.161,123.811
E213,9.472,122.318
E220,8.289,118.306
E233,8.312,121.267
E235,7.264,119.955
E237,8.107,123.164
E238,8.827,129.891
E26,9.232,117.113
E69,7.959,123.274
F130,7.75,119.845
F175,7.735,125.029
F178,7.903,118.65
F225,6.495,118.136
F230,8.522,116.865
F259,6.742,118.072
F70,8.41,118.91
G102,7.843,103.061
G104,9.097,107.246
G128,7.777,107.256
G131,8.441,104.281
G139,7.5,107.28
G150,9.228,118.378
G170,8.909,116.978
G182,7.01,102.455
G195,8.004,109.495
G232,8.638,104.762
G234,8.979,114.095
G25,8.242,108.783
G63,9.683,109.051
G8,8.153,110.856
G81,8.841,106.271
G82,6.984,108.682
G86,7.699,109.236
G98,8.123,107.891
I166,6.977,116.079
I209,8.67,127.566
I215,9.738,114.098
I255,8.768,124.134
I33,9.179,128.855
I59,8.669,121.688
K111,10.182,110.153
K112,8.685,125.064
K113,8.5,122.801
K126,7.794,122.685
K132,7.941,119.936
K148,9.535,119.892
K153,8.595,123.888
K158,8.673,115.428
K167,7.068,117.108
K169,7.326,120.377
K171,7.699,120.112
K212,7.951,122.899
K224,6.509,114.798
K227,6.323,113.678
K24,7.11,114.484
K251,8.515,114.138
K256,8.675,126.613
K260,7.789,124.599
K39,8.118,122.881
K45,7.397,122.871
K76,7.81,124.326
K80,8.201,120.693
L100,7.347,119.017
L147,9.089,121.094
L156,7.239,116.494
L163,6.502,121.133
L183,6.982,117.241
L184,6.547,113.114
L188,8.788,125.829
L211,10.557,128.287
L223,7.757,120.443
L228,6.457,118.806
L239,8.456,125.709
L250,8.317,125.517
L44,6.955,123.083
L47,8.966,125.806
L57,8.631,117.383
L60,8.423,123.488
L79,8.816,123.582
L84,7.575,120.059
L90,8.245,123.651
N124,8.869,119.534
N177,9.459,115.257
N229,8.425,117.973
N231,7.936,110.437
N61,8.158,120.874
N62,8.012,123.314
Q103,8.158,115.709
Q135,6.644,114.005
Q136,7.404,118.137
Q157,7.453,121.97
Q221,7.329,117.781
Q248,8.389,121.383
Q254,8.296,117.886
Q28,7.535,115.407
Q53,7.866,114.185
Q74,7.587,117.62
R181,8.191,118.134
R226,6.126,108.36
R253,6.944,118.232
R27,8.693,120.635
R58,6.895,114.397
R89,8.403,122.521
S105,8.996,109.91
S151,8.404,124.598
S165,7.613,113.242
S172,8.213,113.64
S187,7.819,111.517
S216,8.306,116.794
S218,8.309,115.827
S219,9.252,117.286
S258,9.072,116.581
S43,8.421,115.28
S48,8.36,119.599
S50,8.226,122.632
S56,9.685,126.216
S73,8.764,115.929
S99,8.283,111.644
T108,8.328,110.288
T125,8.029,117.094
T168,6.301,98.243
T176,7.821,114.617
T192,9.673,115.049
T207,7.504,123.388
T35,10.469,122.396
T37,7.681,108.775
T55,9.162,120.414
T87,8.357,116.538
V109,8.366,119.437
V134,7.583,108.458
V149,8.783,121.699
V159,6.443,112.661
V160,6.636,113.726
V162,6.628,113.447
V210,10.172,129.019
V217,8.71,116.035
V222,7.099,114.367
V241,6.121,114.305
V31,5.997,106.167
V49,8.318,127.496
V68,8.356,121.378
V78,8.188,115.488
W123,8.769,118.678
W191,10.029,117.682
W208,7.16,128.694
Y114,9.65,122.769
Y127,7.568,115.572
Y190,8.931,119.26
Y193,7.715,125.307
Y40,8.7,126.791
Y51,8.837,124.516
Y88,8.231,125.832
