ResidueKey;x;y;order;assigned_to;est_shift;real_shift;pred_x;pred_y;target_x;target_y
G8;8.153;110.856;8;G8;0.019399999999998755;0.019399999999998755;8.14;110.784;8.14;110.784
K24;7.11;114.484;24;V160;0.03466987164671846;0.08200097560395228;7.139;114.579;7.192;114.486
G25;8.242;108.783;25;G25;0.0;0.0;8.242;108.783;8.242;108.783
E26;9.232;117.113;26;S219;0.08533135414371458;0.09803060746521992;9.302;117.357;9.263;117.578
R27;8.693;120.635;27;R27;0.0;0.0;8.693;120.635;8.693;120.635
Q28;7.535;115.407;28;Q28;0.08592694571553038;0.08592694571553038;7.47;115.126;7.47;115.126
V31;5.997;106.167;31;na;-1.0;-1.0;;;;
D32;8.281;118.179;32;F178;0.18340294436022495;0.14792714422985434;8.143;118.783;8.135;118.06
I33;9.179;128.855;33;V210;0.4981759127055411;0.4720991844941064;9.671;128.464;8.712;128.509
D34;7.599;128.415;34;D34;0.1423967696262799;0.1423967696262799;7.463;128.204;7.463;128.204
T35;10.469;122.396;35;T35;0.19614790337905633;0.19614790337905633;10.276;122.221;10.276;122.221
T37;7.681;108.775;37;T37;0.08873533681685136;0.08873533681685136;7.593;108.718;7.593;108.718
A38;7.534;127.585;38;A38;0.10917875251164935;0.10917875251164935;7.426;127.505;7.426;127.505
K39;8.118;122.881;39;K39;0.06692951516334181;0.06692951516334181;8.06;122.714;8.06;122.714
Y40;8.7;126.791;40;Y40;0.06191090372462549;0.06191090372462549;8.644;126.659;8.644;126.659
D41;7.716;128.91;41;D41;0.04748936723099218;0.04748936723099218;7.669;128.876;7.669;128.876
S43;8.421;115.28;43;S43;0.03027606315226706;0.03027606315226706;8.399;115.176;8.399;115.176
L44;6.955;123.083;44;L44;0.029786574156823956;0.029786574156823956;6.926;123.049;6.926;123.049
K45;7.397;122.871;45;K45;0.04664289870923837;0.04664289870923837;7.434;123.013;7.434;123.013
L47;8.966;125.806;47;L47;0.06986444016808568;0.06986444016808568;8.899;125.905;8.899;125.905
S48;8.36;119.599;48;S48;0.0447007829909043;0.0447007829909043;8.357;119.822;8.357;119.822
V49;8.318;127.496;49;V49;0.0018867962264138903;0.0018867962264138903;8.317;127.504;8.317;127.504
S50;8.226;122.632;50;S50;0.030767515336792912;0.030767515336792912;8.245;122.753;8.245;122.753
Y51;8.837;124.516;51;Y51;0.0975378900735507;0.0975378900735507;8.909;124.845;8.909;124.845
D52;8.934;120.622;52;D52;0.0868029953400221;0.0868029953400221;8.849;120.534;8.849;120.534
Q53;7.866;114.185;53;Q53;0.06958850479784787;0.06958850479784787;7.928;114.343;7.928;114.343
A54;7.182;120.041;54;E235;0.07058215071815122;0.11573245007343398;7.249;119.93;7.297;120.106
T55;9.162;120.414;55;T55;0.11321766646597145;0.11321766646597145;9.272;120.548;9.272;120.548
S56;9.685;126.216;56;S56;0.18009652967228343;0.18009652967228343;9.863;126.353;9.863;126.353
L57;8.631;117.383;57;L57;0.13280150601555754;0.13280150601555754;8.762;117.492;8.762;117.492
R58;6.895;114.397;58;C205;0.27807344353605606;-1.0;7.167;114.686;;
I59;8.669;121.688;59;Y114;0.08955579266580273;0.21920821152502398;8.584;121.547;8.882;121.947
L60;8.423;123.488;60;L60;0.0;0.0;8.423;123.488;8.423;123.488
N61;8.158;120.874;61;L223;0.2020721653271415;0.10306289341950352;7.956;120.847;8.261;120.856
N62;8.012;123.314;62;K113;0.2315651960031967;0.273426406917839;8.025;122.158;7.743;123.069
G63;9.683;109.051;63;G63;0.18262135691096013;0.18262135691096013;9.515;108.693;9.515;108.693
V68;8.356;121.378;68;A152;0.04404588516535911;-1.0;8.383;121.204;;
E69;7.959;123.274;69;N62;0.2198567715582118;0.32286473948079314;7.743;123.069;8.272;123.67
F70;8.41;118.91;70;N229;0.27907884190672605;0.09128986800296977;8.652;118.215;8.385;118.471
D71;8.234;116.859;71;S216;0.007025667228099977;0.03613862199918553;8.241;116.856;8.269;116.904
D72;8.954;131.726;72;D72;0.10240820279645574;0.10240820279645574;8.855;131.595;8.855;131.595
S73;8.764;115.929;73;S73;0.027463430230036497;0.027463430230036497;8.77;115.795;8.77;115.795
Q74;7.587;117.62;74;Q74;0.030675071312060515;0.030675071312060515;7.557;117.588;7.557;117.588
K76;7.81;124.326;76;K76;0.04177319714841121;0.04177319714841121;7.818;124.121;7.818;124.121
A77;8.083;123.558;77;A77;0.04317452952841519;0.04317452952841519;8.108;123.382;8.108;123.382
V78;8.188;115.488;78;V78;0.06017840144104938;0.06017840144104938;8.234;115.682;8.234;115.682
L79;8.816;123.582;79;A173;0.09180544646152475;0.052611785751863364;8.887;123.291;8.808;123.322
K80;8.201;120.693;80;K80;0.04726478604627541;0.04726478604627541;8.21;120.461;8.21;120.461
G81;8.841;106.271;81;G81;0.023427334462118542;0.023427334462118542;8.861;106.332;8.861;106.332
G82;6.984;108.682;82;G82;0.02748745168254091;0.02748745168254091;6.96;108.615;6.96;108.615
L84;7.575;120.059;84;F130;0.14590764202056075;0.020808652046684632;7.46;119.61;7.592;120.119
G86;7.699;109.236;86;T108;0.2894525176950445;0.04060788100849415;7.412;109.424;7.724;109.396
T87;8.357;116.538;87;T87;0.01802775637731951;0.01802775637731951;8.34;116.568;8.34;116.568
Y88;8.231;125.832;88;Y88;0.019762590923257828;0.019762590923257828;8.247;125.89;8.247;125.89
R89;8.403;122.521;89;R89;0.07043550241178147;0.07043550241178147;8.337;122.644;8.337;122.644
L90;8.245;123.651;90;E69;0.02726609616355207;-1.0;8.272;123.67;;
G98;8.123;107.891;98;G104;0.34066646444873727;-1.0;8.266;106.345;;
S99;8.283;111.644;99;S99;0.09530351515028071;0.09530351515028071;8.188;111.682;8.188;111.682
L100;7.347;119.017;100;L100;0.1268662287608492;0.1268662287608492;7.221;118.943;7.221;118.943
D101;8.719;121.309;101;D101;0.06269960127464981;0.06269960127464981;8.779;121.218;8.779;121.218
G102;7.843;103.061;102;G102;0.19367281688456034;0.19367281688456034;7.656;102.809;7.656;102.809
Q103;8.158;115.709;103;T176;0.24085879680842104;0.32723545040230556;7.994;114.827;7.86;115.033
G104;9.097;107.246;104;na;-1.0;0.8503134951298837;;;8.266;106.345
S105;8.996;109.91;105;na;-1.0;1.3932511762062152;;;7.648;108.149
T108;8.328;110.288;108;A116;0.6148673352846142;0.9321565533750211;8.715;112.677;7.412;109.424
V109;8.366;119.437;109;na;-1.0;0.6387913900484242;;;7.746;118.668
D110;10.056;132.738;110;D110;0.3501700158494427;0.3501700158494427;9.714;132.362;9.714;132.362
K111;10.182;110.153;111;K111;0.3441526405535775;0.3441526405535775;9.845;109.804;9.845;109.804
K112;8.685;125.064;112;L239;0.19662359980429683;0.41513318344839645;8.54;125.728;8.279;124.631
K113;8.5;122.801;113;K153;0.355315296602889;0.4921005588291891;8.756;124.033;8.025;122.158
Y114;9.65;122.769;114;na;-1.0;1.0936577892558543;;;8.584;121.547
A115;8.41;121.717;115;Q248;0.018427153876819907;0.5539903970286848;8.418;121.634;7.865;121.22
A116;9.569;113.538;116;I215;0.2466707116785469;0.8711881771465912;9.325;113.719;8.715;112.677
W123;8.769;118.678;123;W123;0.06269577338226447;0.06269577338226447;8.723;118.891;8.723;118.891
N124;8.869;119.534;124;N124;0.09403063330638521;0.09403063330638521;8.775;119.522;8.775;119.522
T125;8.029;117.094;125;T125;0.01730780170905416;0.01730780170905416;8.013;117.061;8.013;117.061
K126;7.794;122.685;126;Q157;0.07424957912338645;0.025478618486881575;7.762;122.35;7.796;122.812
Y127;7.568;115.572;127;Y127;0.08592694571553161;0.08592694571553161;7.489;115.403;7.489;115.403
G128;7.777;107.256;128;G128;0.05773768266912036;0.05773768266912036;7.72;107.302;7.72;107.302
D129;7.516;116.221;129;L156;0.1210918659530879;0.12249489785293081;7.559;116.787;7.394;116.166
F130;7.75;119.845;130;K132;0.02997932620990575;0.2937839342101608;7.721;119.883;7.46;119.61
G131;8.441;104.281;131;G131;0.37066966425646514;0.37066966425646514;8.077;103.931;8.077;103.931
K132;7.941;119.936;132;A115;0.2678100819610776;0.22025521560226438;7.865;121.22;7.721;119.883
A133;8.179;124.801;133;K112;0.10562196741208646;0.17946877165679886;8.279;124.631;8.004;124.602
V134;7.583;108.458;134;S105;0.08968968725555986;0.19824721940042536;7.648;108.149;7.401;108.065
Q135;6.644;114.005;135;Q135;0.007810249675906192;0.007810249675906192;6.638;113.98;6.638;113.98
Q136;7.404;118.137;136;Q136;0.07686767851314284;0.07686767851314284;7.478;118.241;7.478;118.241
D138;7.58;114.812;138;V222;0.22636218765509392;0.14372320619858123;7.354;114.748;7.723;114.74
G139;7.5;107.28;139;V134;0.185607111932706;-1.0;7.401;108.065;;
L147;9.089;121.094;147;L147;0.0;0.0;9.089;121.094;9.089;121.094
K148;9.535;119.892;148;K148;0.27281561538885585;0.27281561538885585;9.269;119.589;9.269;119.589
V149;8.783;121.699;149;I59;0.11073012236966145;0.22443564779241168;8.882;121.947;8.563;121.477
G150;9.228;118.378;150;G150;0.04295346318982907;0.04295346318982907;9.189;118.288;9.189;118.288
S151;8.404;124.598;151;S151;0.021000000000000796;0.021000000000000796;8.383;124.598;8.383;124.598
A152;8.32;121.211;152;N61;0.092314679222756;0.06301555363558947;8.261;120.856;8.383;121.204
K153;8.595;123.888;153;E204;0.26140191277035457;0.16359095329510084;8.776;124.831;8.756;124.033
L156;7.239;116.494;156;D129;0.16831030865636265;0.3253213180841373;7.394;116.166;7.559;116.787
Q157;7.453;121.97;157;D189;0.00984885780179696;0.31820905078265704;7.444;121.99;7.762;122.35
K158;8.673;115.428;158;K158;0.06402530749633309;0.06402530749633309;8.609;115.419;8.609;115.419
V159;6.443;112.661;159;na;-1.0;-1.0;;;;
V160;6.636;113.726;160;V162;0.3674609639131754;0.5311434457846571;7.003;113.818;7.139;114.579
D161;7.928;117.116;161;D164;0.25142641070500216;0.35932915272769134;8.071;116.082;8.284;117.36
V162;6.628;113.447;162;L184;0.08398714187302621;0.38227037551973625;6.709;113.336;7.003;113.818
L163;6.502;121.133;163;L163;0.40974460338117974;0.40974460338117974;6.903;121.554;6.903;121.554
D164;7.791;115.791;164;Q103;0.1665639817007284;0.28598468490462836;7.86;115.033;8.071;116.082
S165;7.613;113.242;165;S165;0.23858424088778252;0.23858424088778252;7.848;113.448;7.848;113.448
I166;6.977;116.079;166;I166;0.25679727412883463;0.25679727412883463;7.231;116.268;7.231;116.268
K167;7.068;117.108;167;K167;0.18039800442355236;0.18039800442355236;7.243;117.327;7.243;117.327
T168;6.301;98.243;168;T168;0.11985407794480822;0.11985407794480822;6.415;98.428;6.415;98.428
K169;7.326;120.377;169;K169;0.014235167719418951;0.014235167719418951;7.339;120.348;7.339;120.348
G170;8.909;116.978;170;G170;0.12389737688910041;0.12389737688910041;8.787;116.87;8.787;116.87
K171;7.699;120.112;171;K171;0.014934523762075286;0.014934523762075286;7.685;120.086;7.685;120.086
S172;8.213;113.64;172;S172;0.028933717355362317;0.028933717355362317;8.24;113.692;8.24;113.692
A173;8.742;123.15;173;L79;0.07442687686581859;0.14771675598929113;8.808;123.322;8.887;123.291
D174;8.413;121.913;174;D174;0.09904544411531527;0.09904544411531527;8.512;121.928;8.512;121.928
F175;7.735;125.029;175;F175;0.1363584980850105;0.1363584980850105;7.867;125.2;7.867;125.2
T176;7.821;114.617;176;D138;0.10104038796441722;0.17802527910383922;7.723;114.74;7.994;114.827
N177;9.459;115.257;177;T192;0.11247559735338314;0.15295868723286016;9.561;115.02;9.61;115.379
F178;7.903;118.65;178;V109;0.157041268461509;0.24146958400593735;7.746;118.668;8.143;118.783
D179;7.635;127.686;179;D179;0.2921414725779276;0.2921414725779276;7.92;128.007;7.92;128.007
R181;8.191;118.134;181;D32;0.057922707119056775;-1.0;8.135;118.06;;
G182;7.01;102.455;182;G182;0.26468282906150165;0.26468282906150165;7.271;102.675;7.271;102.675
L183;6.982;117.241;183;L183;0.30147643357317333;0.30147643357317333;7.282;117.39;7.282;117.39
L184;6.547;113.114;184;na;-1.0;0.16797428374605422;;;6.709;113.336
E186;8.316;116.5;186;E186;0.06641114364321729;0.06641114364321729;8.254;116.619;8.254;116.619
S187;7.819;111.517;187;S187;0.14465738833533556;0.14465738833533556;7.677;111.379;7.677;111.379
L188;8.788;125.829;188;L188;0.12677917810113729;0.12677917810113729;8.664;125.697;8.664;125.697
D189;7.621;122.135;189;K212;0.13675145337435995;0.17935997323817868;7.515;122.567;7.444;121.99
Y190;8.931;119.26;190;Y190;0.19672569735547873;0.19672569735547873;8.736;119.13;8.736;119.13
W191;10.029;117.682;191;W191;0.4735853038260375;0.4735853038260375;9.565;117.208;9.565;117.208
T192;9.673;115.049;192;N177;0.09124143795447295;0.11215007802048144;9.61;115.379;9.561;115.02
Y193;7.715;125.307;193;Y193;0.040816663263917634;0.040816663263917634;7.75;125.412;7.75;125.412
G195;8.004;109.495;195;G86;0.28069919843134505;-1.0;7.724;109.396;;
E204;8.161;123.811;204;A133;0.22288167264268335;0.6479513870654191;8.004;124.602;8.776;124.831
C205;6.473;113.676;205;K227;0.13718615090452832;0.7228001106806782;6.588;114.05;7.167;114.686
T207;7.504;123.388;207;T207;0.11835438310430162;0.11835438310430162;7.563;123.901;7.563;123.901
W208;7.16;128.694;208;na;-1.0;-1.0;;;;
I209;8.67;127.566;209;I33;0.19321997826311602;0.42058178752770703;8.712;128.509;8.277;126.817
V210;10.172;129.019;210;na;-1.0;0.5131491011392324;;;9.671;128.464
L211;10.557;128.287;211;na;-1.0;-1.0;;;;
K212;7.951;122.899;212;K126;0.1559735875076282;0.4410271646962352;7.796;122.812;7.515;122.567
E213;9.472;122.318;213;E213;0.4160843183778977;0.4160843183778977;9.067;121.841;9.067;121.841
I215;9.738;114.098;215;na;-1.0;0.419898368656036;;;9.325;113.719
S216;8.306;116.794;216;D71;0.043046486500061966;0.0661721996007381;8.269;116.904;8.241;116.856
V217;8.71;116.035;217;V217;0.03130878470972835;0.03130878470972835;8.681;115.976;8.681;115.976
S218;8.309;115.827;218;S218;0.16949289070636697;0.16949289070636697;8.473;115.613;8.473;115.613
S219;9.252;117.286;219;E26;0.05942692992238329;0.05197730273879034;9.263;117.578;9.302;117.357
E220;8.289;118.306;220;F70;0.10151354589413226;-1.0;8.385;118.471;;
Q221;7.329;117.781;221;Q221;0.1827058838680352;0.1827058838680352;7.507;117.987;7.507;117.987
V222;7.099;114.367;222;K24;0.0959970832890253;0.2661417667334459;7.192;114.486;7.354;114.748
L223;7.757;120.443;223;L84;0.17726827127266678;0.21477811806606437;7.592;120.119;7.956;120.847
K224;6.509;114.798;224;K224;0.2958546940645007;0.2958546940645007;6.802;115.003;6.802;115.003
F225;6.495;118.136;225;F259;0.11997816468007765;0.4729291278828149;6.609;117.949;6.958;118.618
R226;6.126;108.36;226;R226;0.3846075402276976;0.3846075402276976;6.497;108.867;6.497;108.867
K227;6.323;113.678;227;V241;0.1584198219920744;0.27524599906265657;6.309;114.467;6.588;114.05
L228;6.457;118.806;228;L228;0.37250771804084815;0.37250771804084815;6.826;119.061;6.826;119.061
N229;8.425;117.973;229;Q254;0.04473075004960206;0.23210247736721687;8.438;118.187;8.652;118.215
F230;8.522;116.865;230;F230;0.10084463297568243;0.10084463297568243;8.621;116.961;8.621;116.961
N231;7.936;110.437;231;N231;0.02655484889808276;0.02655484889808276;7.962;110.464;7.962;110.464
G232;8.638;104.762;232;G232;0.05812434945872508;0.05812434945872508;8.58;104.743;8.58;104.743
E233;8.312;121.267;233;E233;0.012006664815841674;0.012006664815841674;8.3;121.269;8.3;121.269
G234;8.979;114.095;234;G234;0.005830951894844506;0.005830951894844506;8.982;114.07;8.982;114.07
E235;7.264;119.955;235;A54;0.04473298559228978;0.01581138830084212;7.297;120.106;7.249;119.93
E237;8.107;123.164;237;E237;0.024185946332530833;0.024185946332530833;8.127;123.232;8.127;123.232
E238;8.827;129.891;238;E238;0.03311857484856479;0.03311857484856479;8.86;129.905;8.86;129.905
L239;8.456;125.709;239;L250;0.0820753312512364;0.08408590845082145;8.528;125.906;8.54;125.728
V241;6.121;114.305;241;na;-1.0;0.19077148633902247;;;6.309;114.467
A247;7.917;120.007;247;A247;0.15933976277125542;0.15933976277125542;7.758;120.059;7.758;120.059
Q248;8.389;121.383;248;V149;0.17501268525452815;0.05797447714296369;8.563;121.477;8.418;121.634
L250;8.317;125.517;250;I209;0.2630589287593163;0.22488628237400365;8.277;126.817;8.528;125.906
K251;8.515;114.138;251;K251;0.22788154817799444;0.22788154817799444;8.734;114.453;8.734;114.453
R253;6.944;118.232;253;R253;0.2075759138243162;0.2075759138243162;7.149;118.395;7.149;118.395
Q254;8.296;117.886;254;D161;0.10588219869269438;0.15423371875177155;8.284;117.36;8.438;118.187
I255;8.768;124.134;255;I255;0.05371219600798528;0.05371219600798528;8.79;124.379;8.79;124.379
K256;8.675;126.613;256;K256;0.06876074461493487;0.06876074461493487;8.652;126.289;8.652;126.289
A257;8.385;123.598;257;A257;0.07820076725966262;0.07820076725966262;8.307;123.626;8.307;123.626
S258;9.072;116.581;258;S258;0.1629912881107457;0.1629912881107457;8.911;116.454;8.911;116.454
F259;6.742;118.072;259;F225;0.2420343777234953;0.13525590560119724;6.958;118.618;6.609;117.949
K260;7.789;124.599;260;K260;0.0792022726946651;0.0792022726946651;7.717;124.434;7.717;124.434
